{"microscope": "LS620", "frame_width": 1600, "frame_height": 1600, "objective": "unknown", "period": 0.017, "duration": 0.17, "BF": {"save_folder": ".\\capture\\", "file_root": "W_", "ill": 0.0, "gain": 0.0, "exp": 20.0, "false_color": true, "acquire": true}, "Blue": {"save_folder": ".\\capture\\", "file_root": "B_", "ill": 0.0, "gain": 0.0, "exp": 20.0, "false_color": true, "acquire": true}, "Green": {"save_folder": ".\\capture\\", "file_root": "G_", "ill": 0.0, "gain": 0.0, "exp": 40.0, "false_color": true, "acquire": true}, "Red": {"save_folder": ".\\capture\\", "file_root": "R_", "ill": 0.0, "gain": 0.0, "exp": 60.0, "false_color": true, "acquire": true}, "Composite": {"acquire": false}}