tile_id,metadata_x_px,metadata_y_px,x_px,y_px,placement_mode,x_int,y_int
r00_c00,12.0,12.0,12.000000000000027,12.000000000000014,optimized,0,0
r00_c01,132.0,12.0,137.9712738870926,13.356999096668329,optimized,126,1
r00_c02,252.0,12.0,254.41951962763125,12.437890627984451,optimized,242,0
r01_c00,12.0,132.0,11.845178568478106,128.28272868012692,optimized,0,116
r01_c01,132.0,132.0,130.17421431338047,128.49587889201993,optimized,118,116
r01_c02,252.0,132.0,251.31434568602532,129.4713954911706,optimized,239,117
r02_c00,12.0,252.0,15.14802855764135,249.6020965245085,optimized,3,238
r02_c01,132.0,252.0,133.25531098945055,252.61951557722628,optimized,121,241
r02_c02,252.0,252.0,253.14471446605677,247.86828332841563,optimized,241,236
