tile_id,row,col,filepath,nominal_x_px,nominal_y_px,stage_x,stage_y,true_x_px,true_y_px,translation_error_x_px,translation_error_y_px,brightness_scale,metadata_x_px,metadata_y_px
r00_c00,0,0,tiles/r00_c00.tif,12,12,12.0,12.0,14,10,2,-2,1.1169464424011022,12.0,12.0
r00_c01,0,1,tiles/r00_c01.tif,132,12,132.0,12.0,128,9,-4,-3,0.9015425650318466,132.0,12.0
r00_c02,0,2,tiles/r00_c02.tif,252,12,252.0,12.0,252,10,0,-2,0.9008167707685686,252.0,12.0
r01_c00,1,0,tiles/r01_c00.tif,12,132,12.0,132.0,14,134,2,2,1.0317504896317138,12.0,132.0
r01_c01,1,1,tiles/r01_c01.tif,132,132,132.0,132.0,136,134,4,2,0.9841837665239082,132.0,132.0
r01_c02,1,2,tiles/r01_c02.tif,252,132,252.0,132.0,255,133,3,1,1.0851840481278954,252.0,132.0
r02_c00,2,0,tiles/r02_c00.tif,12,252,12.0,252.0,11,253,-1,1,0.9709590878960894,12.0,252.0
r02_c01,2,1,tiles/r02_c01.tif,132,252,132.0,252.0,133,250,1,-2,1.021647955526906,132.0,252.0
r02_c02,2,2,tiles/r02_c02.tif,252,252,252.0,252.0,253,255,1,3,0.992438677722854,252.0,252.0
